date,product_id,category,color,price_usd,trend_mentions,trend_growth_pct,inventory_units,sales_units
2024-01-01,P0001,Dress,Butter Yellow,450,770,47,260,260
2024-01-02,P0002,Handbag,Silver,1053,727,48,307,307
2024-01-03,P0003,Jacket,Electric Blue,1656,634,44,354,354
2024-01-04,P0004,Skirt,Chocolate Brown,2259,591,30,401,401
2024-01-05,P0005,Sneakers,Cherry Red,2862,448,25,448,410
2024-01-06,P0006,Dress,Olive Green,865,405,11,495,388
2024-01-07,P0007,Handbag,Butter Yellow,1468,771,55,542,542
2024-01-08,P0008,Jacket,Silver,2071,728,56,589,589
2024-01-09,P0009,Skirt,Electric Blue,2674,635,35,636,560
2024-01-10,P0010,Sneakers,Chocolate Brown,3277,592,38,683,509
2024-01-11,P0011,Dress,Cherry Red,1280,449,16,730,484
2024-01-12,P0012,Handbag,Olive Green,1883,406,19,777,433
2024-01-13,P0013,Jacket,Butter Yellow,2486,772,63,824,725
2024-01-14,P0014,Skirt,Silver,3089,729,47,871,634
2024-01-15,P0015,Sneakers,Electric Blue,3692,636,43,918,601
2024-01-16,P0016,Dress,Chocolate Brown,1695,593,29,965,569
2024-01-17,P0017,Handbag,Cherry Red,1048,450,24,1012,535
2024-01-18,P0018,Jacket,Olive Green,1651,407,10,1059,438
2024-01-19,P0019,Skirt,Butter Yellow,2254,773,54,1106,720
2024-01-20,P0020,Sneakers,Silver,2857,730,55,1153,654
2024-01-21,P0021,Dress,Electric Blue,860,637,34,1200,645
2024-01-22,P0022,Handbag,Chocolate Brown,1463,594,37,1247,644
2024-01-23,P0023,Jacket,Cherry Red,2066,451,15,1294,482
2024-01-24,P0024,Skirt,Olive Green,2669,408,18,291,291
2024-01-25,P0025,Sneakers,Butter Yellow,3272,774,62,338,338
2024-01-26,P0026,Dress,Silver,1275,731,46,385,385
2024-01-27,P0027,Handbag,Electric Blue,1878,638,42,432,432
2024-01-28,P0028,Jacket,Chocolate Brown,2481,595,28,479,479
2024-01-29,P0029,Skirt,Cherry Red,3084,452,23,526,383
2024-01-30,P0030,Sneakers,Olive Green,3687,409,26,573,393
2024-01-31,P0031,Dress,Butter Yellow,1690,775,53,620,620
2024-02-01,P0032,Handbag,Silver,1043,732,54,667,667
2024-02-02,P0033,Jacket,Electric Blue,1646,639,33,714,565
2024-02-03,P0034,Skirt,Chocolate Brown,2249,596,36,761,575
2024-02-04,P0035,Sneakers,Cherry Red,2852,453,14,808,423
2024-02-05,P0036,Dress,Olive Green,855,410,17,855,498
2024-02-06,P0037,Handbag,Butter Yellow,1458,776,61,902,729
2024-02-07,P0038,Jacket,Silver,2061,733,45,949,689
2024-02-08,P0039,Skirt,Electric Blue,2664,640,41,996,589
2024-02-09,P0040,Sneakers,Chocolate Brown,3267,597,27,1043,553
2024-02-10,P0041,Dress,Cherry Red,1270,454,22,1090,491
2024-02-11,P0042,Handbag,Olive Green,1873,411,25,1137,491
2024-02-12,P0043,Jacket,Butter Yellow,2476,777,52,1184,737
2024-02-13,P0044,Skirt,Silver,3079,734,53,1231,672
2024-02-14,P0045,Sneakers,Electric Blue,3682,641,32,1278,597
2024-02-15,P0046,Dress,Chocolate Brown,1685,598,35,275,275
2024-02-16,P0047,Handbag,Cherry Red,1038,455,30,322,322
2024-02-17,P0048,Jacket,Olive Green,1641,412,16,369,353
2024-02-18,P0049,Skirt,Butter Yellow,2244,778,60,416,416
2024-02-19,P0050,Sneakers,Silver,2847,735,44,463,463
2024-02-20,P0051,Dress,Electric Blue,850,642,40,510,510
2024-02-21,P0052,Handbag,Chocolate Brown,1453,599,26,557,503
2024-02-22,P0053,Jacket,Cherry Red,2056,456,21,604,448
2024-02-23,P0054,Skirt,Olive Green,2659,413,24,651,397
2024-02-24,P0055,Sneakers,Butter Yellow,3262,779,51,698,654
2024-02-25,P0056,Dress,Silver,1265,736,52,745,664
2024-02-26,P0057,Handbag,Electric Blue,1868,643,31,792,599
2024-02-27,P0058,Jacket,Chocolate Brown,2471,600,34,839,548
2024-02-28,P0059,Skirt,Cherry Red,3074,457,29,886,493
2024-02-29,P0060,Sneakers,Olive Green,3677,414,15,933,399
2024-03-01,P0061,Dress,Butter Yellow,1680,780,59,980,746
2024-03-02,P0062,Handbag,Silver,1033,737,43,1027,676
2024-03-03,P0063,Jacket,Electric Blue,1636,644,39,1074,637
2024-03-04,P0064,Skirt,Chocolate Brown,2239,601,42,1121,637
2024-03-05,P0065,Sneakers,Cherry Red,2842,458,20,1168,475
2024-03-06,P0066,Dress,Olive Green,845,415,23,1215,539
2024-03-07,P0067,Handbag,Butter Yellow,1448,781,50,1262,725
2024-03-08,P0068,Jacket,Silver,2051,738,51,1309,720
2024-03-09,P0069,Skirt,Electric Blue,2654,645,30,306,306
2024-03-10,P0070,Sneakers,Chocolate Brown,3257,602,33,353,353
2024-03-11,P0071,Dress,Cherry Red,1260,459,28,400,400
2024-03-12,P0072,Handbag,Olive Green,1863,416,14,447,387
2024-03-13,P0073,Jacket,Butter Yellow,2466,782,58,494,494
2024-03-14,P0074,Skirt,Silver,3069,739,42,541,541
2024-03-15,P0075,Sneakers,Electric Blue,3672,646,38,588,498
2024-03-16,P0076,Dress,Chocolate Brown,1675,603,41,635,573
2024-03-17,P0077,Handbag,Cherry Red,1028,460,19,682,453
2024-03-18,P0078,Jacket,Olive Green,1631,417,22,729,463
2024-03-19,P0079,Skirt,Butter Yellow,2234,783,49,776,659
2024-03-20,P0080,Sneakers,Silver,2837,740,50,823,664
2024-03-21,P0081,Dress,Electric Blue,840,647,46,870,640
2024-03-22,P0082,Handbag,Chocolate Brown,1443,604,32,917,610
2024-03-23,P0083,Jacket,Cherry Red,2046,461,27,964,545
2024-03-24,P0084,Skirt,Olive Green,2649,418,13,1011,448
2024-03-25,P0085,Sneakers,Butter Yellow,3252,784,57,1058,730
2024-03-26,P0086,Dress,Silver,1255,741,41,1105,693
2024-03-27,P0087,Handbag,Electric Blue,1858,648,37,1152,654
2024-03-28,P0088,Jacket,Chocolate Brown,2461,605,40,1199,593
2024-03-29,P0089,Skirt,Cherry Red,3064,462,18,1246,492
2024-03-30,P0090,Sneakers,Olive Green,3667,419,21,1293,431
2024-03-31,P0091,Dress,Butter Yellow,1670,785,48,290,290
2024-04-01,P0092,Handbag,Silver,1023,742,49,337,337
2024-04-02,P0093,Jacket,Electric Blue,1626,649,45,384,384
2024-04-03,P0094,Skirt,Chocolate Brown,2229,606,31,431,431
2024-04-04,P0095,Sneakers,Cherry Red,2832,463,26,478,413
2024-04-05,P0096,Dress,Olive Green,835,420,12,525,391
2024-04-06,P0097,Handbag,Butter Yellow,1438,786,56,572,572
2024-04-07,P0098,Jacket,Silver,2041,743,57,619,619
2024-04-08,P0099,Skirt,Electric Blue,2644,650,36,666,564
2024-04-09,P0100,Sneakers,Chocolate Brown,3247,607,39,713,513
2024-04-10,P0101,Dress,Cherry Red,1250,464,17,760,487
2024-04-11,P0102,Handbag,Olive Green,1853,320,20,807,388
2024-04-12,P0103,Jacket,Butter Yellow,2456,787,47,854,693
2024-04-13,P0104,Skirt,Silver,3059,744,48,901,698
2024-04-14,P0105,Sneakers,Electric Blue,3662,651,44,948,598
2024-04-15,P0106,Dress,Chocolate Brown,1665,608,30,995,627
2024-04-16,P0107,Handbag,Cherry Red,1018,465,25,1042,532
2024-04-17,P0108,Jacket,Olive Green,1621,321,11,1089,448
2024-04-18,P0109,Skirt,Butter Yellow,2224,788,55,1136,717
2024-04-19,P0110,Sneakers,Silver,2827,745,56,1183,713
2024-04-20,P0111,Dress,Electric Blue,830,652,35,1230,642
2024-04-21,P0112,Handbag,Chocolate Brown,1433,609,38,1277,641
2024-04-22,P0113,Jacket,Cherry Red,2036,466,16,274,274
2024-04-23,P0114,Skirt,Olive Green,2639,322,19,321,303
2024-04-24,P0115,Sneakers,Butter Yellow,3242,789,63,368,368
2024-04-25,P0116,Dress,Silver,1245,746,47,415,415
2024-04-26,P0117,Handbag,Electric Blue,1848,653,43,462,462
2024-04-27,P0118,Jacket,Chocolate Brown,2451,610,29,509,502
2024-04-28,P0119,Skirt,Cherry Red,3054,467,24,556,387
2024-04-29,P0120,Sneakers,Olive Green,3657,323,10,603,312
2024-04-30,P0121,Dress,Butter Yellow,1660,790,54,650,650
2024-05-01,P0122,Handbag,Silver,1013,747,55,697,694
2024-05-02,P0123,Jacket,Electric Blue,1616,654,34,744,569
2024-05-03,P0124,Skirt,Chocolate Brown,2219,611,37,791,579
2024-05-04,P0125,Sneakers,Cherry Red,2822,468,15,838,488
2024-05-05,P0126,Dress,Olive Green,825,324,18,885,453
2024-05-06,P0127,Handbag,Butter Yellow,1428,791,62,932,787
2024-05-07,P0128,Jacket,Silver,2031,748,46,979,686
2024-05-08,P0129,Skirt,Electric Blue,2634,655,42,1026,647
2024-05-09,P0130,Sneakers,Chocolate Brown,3237,612,28,1073,550
2024-05-10,P0131,Dress,Cherry Red,1240,469,23,1120,549
2024-05-11,P0132,Handbag,Olive Green,1843,325,26,1167,440
2024-05-12,P0133,Jacket,Butter Yellow,2446,792,53,1214,734
2024-05-13,P0134,Skirt,Silver,3049,749,54,1261,669
2024-05-14,P0135,Sneakers,Electric Blue,3652,656,33,1308,594
2024-05-15,P0136,Dress,Chocolate Brown,1655,613,36,305,305
2024-05-16,P0137,Handbag,Cherry Red,1008,470,14,352,352
2024-05-17,P0138,Jacket,Olive Green,1611,326,17,399,308
2024-05-18,P0139,Skirt,Butter Yellow,2214,793,61,446,446
2024-05-19,P0140,Sneakers,Silver,2817,750,45,493,493
2024-05-20,P0141,Dress,Electric Blue,820,657,41,540,540
2024-05-21,P0142,Handbag,Chocolate Brown,1423,614,27,587,507
2024-05-22,P0143,Jacket,Cherry Red,2026,471,22,634,452
2024-05-23,P0144,Skirt,Olive Green,2629,327,25,681,414
2024-05-24,P0145,Sneakers,Butter Yellow,3232,794,52,728,658
2024-05-25,P0146,Dress,Silver,1235,751,53,775,728
2024-05-26,P0147,Handbag,Electric Blue,1838,658,32,822,603
2024-05-27,P0148,Jacket,Chocolate Brown,2441,615,35,869,613
2024-05-28,P0149,Skirt,Cherry Red,3044,472,30,916,493
2024-05-29,P0150,Sneakers,Olive Green,3647,328,16,963,409
2024-05-30,P0151,Dress,Butter Yellow,1650,795,60,1010,743
2024-05-31,P0152,Handbag,Silver,1003,752,44,1057,734
2024-06-01,P0153,Jacket,Electric Blue,1606,659,40,1104,634
2024-06-02,P0154,Skirt,Chocolate Brown,2209,616,26,1151,598
2024-06-03,P0155,Sneakers,Cherry Red,2812,473,21,1198,472
2024-06-04,P0156,Dress,Olive Green,815,329,24,1245,488
2024-06-05,P0157,Handbag,Butter Yellow,1418,796,51,1292,722
2024-06-06,P0158,Jacket,Silver,2021,753,52,289,289
2024-06-07,P0159,Skirt,Electric Blue,2624,660,31,336,336
2024-06-08,P0160,Sneakers,Chocolate Brown,3227,617,34,383,383
2024-06-09,P0161,Dress,Cherry Red,1230,474,29,430,416
2024-06-10,P0162,Handbag,Olive Green,1833,330,15,477,342
2024-06-11,P0163,Jacket,Butter Yellow,2436,797,59,524,524
2024-06-12,P0164,Skirt,Silver,3039,754,43,571,571
2024-06-13,P0165,Sneakers,Electric Blue,3642,661,39,618,563
2024-06-14,P0166,Dress,Chocolate Brown,1645,618,42,665,577
2024-06-15,P0167,Handbag,Cherry Red,998,475,20,712,518
2024-06-16,P0168,Jacket,Olive Green,1601,331,23,759,418
2024-06-17,P0169,Skirt,Butter Yellow,2204,798,50,806,723
2024-06-18,P0170,Sneakers,Silver,2807,755,51,853,668
2024-06-19,P0171,Dress,Electric Blue,810,662,30,900,669
2024-06-20,P0172,Handbag,Chocolate Brown,1413,619,33,947,607
2024-06-21,P0173,Jacket,Cherry Red,2016,476,28,994,542
2024-06-22,P0174,Skirt,Olive Green,2619,332,14,1041,396
2024-06-23,P0175,Sneakers,Butter Yellow,3222,799,58,1088,727
2024-06-24,P0176,Dress,Silver,1225,756,42,1135,690
2024-06-25,P0177,Handbag,Electric Blue,1828,663,38,1182,651
2024-06-26,P0178,Jacket,Chocolate Brown,2431,620,41,1229,590
2024-06-27,P0179,Skirt,Cherry Red,3034,477,19,1276,489
2024-06-28,P0180,Sneakers,Olive Green,3637,333,22,273,241
2024-06-29,P0181,Dress,Butter Yellow,1640,800,49,320,320
2024-06-30,P0182,Handbag,Silver,993,757,50,367,367
2024-07-01,P0183,Jacket,Electric Blue,1596,664,46,414,414
2024-07-02,P0184,Skirt,Chocolate Brown,2199,621,32,461,461
2024-07-03,P0185,Sneakers,Cherry Red,2802,478,27,508,417
2024-07-04,P0186,Dress,Olive Green,805,334,13,555,408
2024-07-05,P0187,Handbag,Butter Yellow,1408,801,57,602,602
2024-07-06,P0188,Jacket,Silver,2011,758,41,649,649
2024-07-07,P0189,Skirt,Electric Blue,2614,665,37,696,568
2024-07-08,P0190,Sneakers,Chocolate Brown,3217,622,40,743,578
2024-07-09,P0191,Dress,Cherry Red,1220,479,18,790,491
2024-07-10,P0192,Handbag,Olive Green,1823,335,21,837,452
2024-07-11,P0193,Jacket,Butter Yellow,2426,802,48,884,697
2024-07-12,P0194,Skirt,Silver,3029,759,49,931,695
2024-07-13,P0195,Sneakers,Electric Blue,3632,666,45,978,595
2024-07-14,P0196,Dress,Chocolate Brown,1635,623,31,1025,624
2024-07-15,P0197,Handbag,Cherry Red,988,480,26,1072,529
2024-07-16,P0198,Jacket,Olive Green,1591,336,12,1119,445
2024-07-17,P0199,Skirt,Butter Yellow,2194,803,56,1166,714
2024-07-18,P0200,Sneakers,Silver,2797,760,57,1213,710
2024-07-19,P0201,Dress,Electric Blue,800,667,36,1260,639
2024-07-20,P0202,Handbag,Chocolate Brown,1403,624,39,1307,638
2024-07-21,P0203,Jacket,Cherry Red,2006,380,17,304,297
2024-07-22,P0204,Skirt,Olive Green,2609,337,20,351,307
2024-07-23,P0205,Sneakers,Butter Yellow,3212,804,47,398,398
2024-07-24,P0206,Dress,Silver,1215,761,48,445,445
2024-07-25,P0207,Handbag,Electric Blue,1818,668,44,492,492
2024-07-26,P0208,Jacket,Chocolate Brown,2421,625,30,539,506
2024-07-27,P0209,Skirt,Cherry Red,3024,381,25,586,403
2024-07-28,P0210,Sneakers,Olive Green,3627,338,11,633,316
2024-07-29,P0211,Dress,Butter Yellow,1630,805,55,680,680
2024-07-30,P0212,Handbag,Silver,983,762,56,727,698
2024-07-31,P0213,Jacket,Electric Blue,1586,669,35,774,633
2024-08-01,P0214,Skirt,Chocolate Brown,2189,626,38,821,582
2024-08-02,P0215,Sneakers,Cherry Red,2792,382,16,868,443
2024-08-03,P0216,Dress,Olive Green,795,339,19,915,454
2024-08-04,P0217,Handbag,Butter Yellow,1398,806,63,962,784
2024-08-05,P0218,Jacket,Silver,2001,763,47,1009,683
2024-08-06,P0219,Skirt,Electric Blue,2604,670,43,1056,644
2024-08-07,P0220,Sneakers,Chocolate Brown,3207,627,29,1103,547
2024-08-08,P0221,Dress,Cherry Red,1210,383,24,1150,498
2024-08-09,P0222,Handbag,Olive Green,1813,340,10,1197,401
2024-08-10,P0223,Jacket,Butter Yellow,2416,807,54,1244,731
2024-08-11,P0224,Skirt,Silver,3019,764,55,1291,666
2024-08-12,P0225,Sneakers,Electric Blue,3622,671,34,288,288
2024-08-13,P0226,Dress,Chocolate Brown,1625,628,37,335,335
2024-08-14,P0227,Handbag,Cherry Red,978,384,15,382,362
2024-08-15,P0228,Jacket,Olive Green,1581,341,18,429,372
2024-08-16,P0229,Skirt,Butter Yellow,2184,808,62,476,476
2024-08-17,P0230,Sneakers,Silver,2787,765,46,523,523
2024-08-18,P0231,Dress,Electric Blue,790,672,42,570,570
2024-08-19,P0232,Handbag,Chocolate Brown,1393,629,28,617,572
2024-08-20,P0233,Jacket,Cherry Red,1996,385,23,664,407
2024-08-21,P0234,Skirt,Olive Green,2599,342,26,711,417
2024-08-22,P0235,Sneakers,Butter Yellow,3202,809,53,758,661
2024-08-23,P0236,Dress,Silver,1205,766,54,805,732
2024-08-24,P0237,Handbag,Electric Blue,1808,673,33,852,607
2024-08-25,P0238,Jacket,Chocolate Brown,2411,630,36,899,617
2024-08-26,P0239,Skirt,Cherry Red,3014,386,14,946,406
2024-08-27,P0240,Sneakers,Olive Green,3617,343,17,993,406
2024-08-28,P0241,Dress,Butter Yellow,1620,810,61,1040,740
2024-08-29,P0242,Handbag,Silver,973,767,45,1087,731
2024-08-30,P0243,Jacket,Electric Blue,1576,674,41,1134,631
2024-08-31,P0244,Skirt,Chocolate Brown,2179,631,27,1181,595
2024-09-01,P0245,Sneakers,Cherry Red,2782,387,22,1228,420
2024-09-02,P0246,Dress,Olive Green,785,344,25,1275,485
2024-09-03,P0247,Handbag,Butter Yellow,1388,811,52,272,272
2024-09-04,P0248,Jacket,Silver,1991,768,53,319,319
2024-09-05,P0249,Skirt,Electric Blue,2594,675,32,366,366
2024-09-06,P0250,Sneakers,Chocolate Brown,3197,632,35,413,413
2024-09-07,P0251,Dress,Cherry Red,1200,388,30,460,432
2024-09-08,P0252,Handbag,Olive Green,1803,345,16,507,346
2024-09-09,P0253,Jacket,Butter Yellow,2406,812,60,554,554
2024-09-10,P0254,Skirt,Silver,3009,769,44,601,596
2024-09-11,P0255,Sneakers,Electric Blue,3612,676,40,648,567
2024-09-12,P0256,Dress,Chocolate Brown,1615,633,26,695,545
2024-09-13,P0257,Handbag,Cherry Red,2218,389,21,742,442
2024-09-14,P0258,Jacket,Olive Green,1571,346,24,789,422
2024-09-15,P0259,Skirt,Butter Yellow,2174,813,51,836,727
2024-09-16,P0260,Sneakers,Silver,2777,770,52,883,672
2024-09-17,P0261,Dress,Electric Blue,780,677,31,930,666
2024-09-18,P0262,Handbag,Chocolate Brown,1383,634,34,977,604
2024-09-19,P0263,Jacket,Cherry Red,1986,390,29,1024,490
2024-09-20,P0264,Skirt,Olive Green,2589,347,15,1071,393
2024-09-21,P0265,Sneakers,Butter Yellow,3192,814,59,1118,724
2024-09-22,P0266,Dress,Silver,1195,771,43,1165,749
2024-09-23,P0267,Handbag,Electric Blue,1798,678,39,1212,648
2024-09-24,P0268,Jacket,Chocolate Brown,2401,635,42,1259,648
2024-09-25,P0269,Skirt,Cherry Red,3004,391,20,1306,438
2024-09-26,P0270,Sneakers,Olive Green,3607,348,23,303,303
2024-09-27,P0271,Dress,Butter Yellow,1610,815,50,350,350
2024-09-28,P0272,Handbag,Silver,2213,772,51,397,397
2024-09-29,P0273,Jacket,Electric Blue,1566,679,30,444,444
2024-09-30,P0274,Skirt,Chocolate Brown,2169,636,33,491,491
2024-10-01,P0275,Sneakers,Cherry Red,2772,392,28,538,372
2024-10-02,P0276,Dress,Olive Green,775,349,14,585,411
2024-10-03,P0277,Handbag,Butter Yellow,1378,816,58,632,632
2024-10-04,P0278,Jacket,Silver,1981,773,42,679,661
2024-10-05,P0279,Skirt,Electric Blue,2584,680,38,726,571
2024-10-06,P0280,Sneakers,Chocolate Brown,3187,637,41,773,581
2024-10-07,P0281,Dress,Cherry Red,1190,393,19,820,446
2024-10-08,P0282,Handbag,Olive Green,1793,350,22,867,456
2024-10-09,P0283,Jacket,Butter Yellow,2396,817,49,914,697
2024-10-10,P0284,Skirt,Silver,2999,774,50,961,693
2024-10-11,P0285,Sneakers,Electric Blue,3602,681,46,1008,592
2024-10-12,P0286,Dress,Chocolate Brown,1605,638,32,1055,621
2024-10-13,P0287,Handbag,Cherry Red,2208,394,27,1102,508
2024-10-14,P0288,Jacket,Olive Green,1561,351,13,1149,442
2024-10-15,P0289,Skirt,Butter Yellow,2164,818,57,1196,772
2024-10-16,P0290,Sneakers,Silver,2767,775,41,1243,671
2024-10-17,P0291,Dress,Electric Blue,770,682,37,1290,697
2024-10-18,P0292,Handbag,Chocolate Brown,1373,639,40,287,287
2024-10-19,P0293,Jacket,Cherry Red,1976,395,18,334,334
2024-10-20,P0294,Skirt,Olive Green,2579,352,21,381,310
2024-10-21,P0295,Sneakers,Butter Yellow,3182,819,48,428,428
2024-10-22,P0296,Dress,Silver,1185,776,49,475,475
2024-10-23,P0297,Handbag,Electric Blue,1788,683,45,522,522
2024-10-24,P0298,Jacket,Chocolate Brown,2391,640,31,569,510
2024-10-25,P0299,Skirt,Cherry Red,2994,396,26,616,406
2024-10-26,P0300,Sneakers,Olive Green,3597,353,12,663,320
